Category,Task,Status
Router Login,Find router IP from Mac (System Settings > Network > Wi-Fi > Details),
Router Login,Log into router via browser (use IP address),
Security Settings,Change default router admin username/password,
Security Settings,"Disable WPS, UPnP, and Remote Management",
Monitoring,Install Fing app and scan for devices,
Monitoring,Enable router system logs and schedule weekly download,
MAC Filtering,Enable MAC Address Filtering (Whitelist only known devices),
DNS Setup,Create NextDNS account and configure filters,
DNS Setup,Change DNS on router to 45.90.28.0 & 45.90.30.0,
Hardening,Enable guest network and isolate it,
Hardening,"Turn on firewall (High), schedule weekly reboots",
Routine Checks,Daily: Check Fing alerts,
Routine Checks,"Weekly: Download logs, restart router",
Routine Checks,Monthly: Change Wi-Fi password if suspicious activity,
